,NAME,U-FACTOR [W/m2K],SHGC
0,U-0.5 g=0.4,2.8391315,0.4
1,U-0.4 g=0.4,2.2713052,0.4
2,U-0.3 g=0.4,1.7034789,0.4
3,U-0.2 g=0.4,1.1356526,0.4
4,U-0.1 g=0.4,0.5678263,0.4
5,U-0.5 g=0.2,2.8391315,0.2
6,U-0.4 g=0.2,2.2713052,0.2
7,U-0.3 g=0.2,1.7034789,0.2
8,U-0.2 g=0.2,1.1356526,0.2
9,U-0.1 g=0.2,0.5678263,0.2
10,U-1.0 g=0.5,5.678263,0.5
