,Run Name,SET ≤ 12.2°C Hours (F),Hours < 2°C [hr],Total Deadly Days,Min outdoor DB [°C],Min outdoor DP [°C],Max outdoor DB [°C],Max outdoor DP [°C],"Caution (> 26.7, ≤ 32.2°C) [hr]","Extreme Caution (> 32.2, ≤ 39.4°C) [hr]","Danger (> 39.4, ≤ 51.7°C) [hr]",Extreme Danger (> 51.7°C) [hr],EUI,Peak Electric Demand [W],Heating Battery Size [kWh],Cooling Battery Size [kWh],First Year Electric Cost [$],First Year Gas Cost [$],First Cost [$],Wall Cost [$],Roof Cost [$],Floor Cost [$],Window Cost [$],Door Cost [$],Air Sealing Cost [$],Mechanical Cost [$],Water Heater Cost [$],Appliances Cost [$],PV Cost [$],Battery Cost [$],Total ADORB Cost [$],pv_dirEn_tot,pv_dirMR_tot,pv_opCO2_tot,pv_emCO2_tot,pv_eTrans_tot
0,GreatFallsMT_BASE_NV,981.47,103.75,0,-33.9,-38.1125,34.2125,11.1,24.75,0.0,0.0,0.0,55.83,6397.56,64.97270229581703,64.90860325033718,2214.196973273148,1113.265447632176,0.0,0.0,0.0,0.0,0.0,0.0,0,0.0,0.0,0.0,0.0,0.0,292176.5037967428,104560.86774046575,139638.61866841654,27120.255979715115,7424.011266750002,13432.750141395347
0,GreatFallsMT_Base Elec_NV,657.96,75.25,0,-33.9,-38.1125,34.2125,11.1,27.25,0.0,0.0,0.0,41.61,11165.56,64.97251326847058,64.90860325033718,3028.1448098997294,0.0,87412.17,3232.11,557.42,222.97,3344.51,487.74,0,9500.0,1000.0,42516.0,5.0,25989.01,295605.1871851078,59119.85339179283,189229.14895897396,6977.68641441484,19841.905482750004,20436.592937176247
